,Phase_Sep,Droplet_Size,PDI,Zeta_P
Oil_identity,-0.0180952380952381,17143.126821981507,56.404902951624834,3773.3360857708085
Surfactant_identity,-0.0180952380952381,19182.113265576114,50.888552796356834,4765.6028245516345
Cosurfactant_identity,-0.006666666666666669,3155.094040015467,72.58500175861265,1799.8856310401397
HLB,0.0,568.95111610011,87.24104612465783,120.75798327265844
Compatibility,0.0,6178.028189507014,86.89790560400871,2337.05631401624
Oil_V,0.0,81.91213827260442,34.53836320133973,136.43331660877544
S_Ratio,0.0,36.19520641197287,38.48698325344514,339.826349364736
Sonication,0.0,-7.368081703328281,37.91291389517064,127.69546680179322
